,Train,Eval
DTree,0.045341335508965706,0.0484706371698529
LinearReg,0.0457016687117951,0.04833222209845915
Dtree_tuned,0.04542898815594508,0.04833222672267025
